date_id,date,year,quarter,month_num,month_name,year_month,week_num,day_of_week_num,day_of_week_name,is_weekend
20160904,2016-09-04,2016,3,9,September,2016-09,35,7,Sunday,1
20160905,2016-09-05,2016,3,9,September,2016-09,36,1,Monday,0
20160906,2016-09-06,2016,3,9,September,2016-09,36,2,Tuesday,0
20160907,2016-09-07,2016,3,9,September,2016-09,36,3,Wednesday,0
20160908,2016-09-08,2016,3,9,September,2016-09,36,4,Thursday,0
20160909,2016-09-09,2016,3,9,September,2016-09,36,5,Friday,0
20160910,2016-09-10,2016,3,9,September,2016-09,36,6,Saturday,1
20160911,2016-09-11,2016,3,9,September,2016-09,36,7,Sunday,1
20160912,2016-09-12,2016,3,9,September,2016-09,37,1,Monday,0
20160913,2016-09-13,2016,3,9,September,2016-09,37,2,Tuesday,0
20160914,2016-09-14,2016,3,9,September,2016-09,37,3,Wednesday,0
20160915,2016-09-15,2016,3,9,September,2016-09,37,4,Thursday,0
20160916,2016-09-16,2016,3,9,September,2016-09,37,5,Friday,0
20160917,2016-09-17,2016,3,9,September,2016-09,37,6,Saturday,1
20160918,2016-09-18,2016,3,9,September,2016-09,37,7,Sunday,1
20160919,2016-09-19,2016,3,9,September,2016-09,38,1,Monday,0
20160920,2016-09-20,2016,3,9,September,2016-09,38,2,Tuesday,0
20160921,2016-09-21,2016,3,9,September,2016-09,38,3,Wednesday,0
20160922,2016-09-22,2016,3,9,September,2016-09,38,4,Thursday,0
20160923,2016-09-23,2016,3,9,September,2016-09,38,5,Friday,0
20160924,2016-09-24,2016,3,9,September,2016-09,38,6,Saturday,1
20160925,2016-09-25,2016,3,9,September,2016-09,38,7,Sunday,1
20160926,2016-09-26,2016,3,9,September,2016-09,39,1,Monday,0
20160927,2016-09-27,2016,3,9,September,2016-09,39,2,Tuesday,0
20160928,2016-09-28,2016,3,9,September,2016-09,39,3,Wednesday,0
20160929,2016-09-29,2016,3,9,September,2016-09,39,4,Thursday,0
20160930,2016-09-30,2016,3,9,September,2016-09,39,5,Friday,0
20161001,2016-10-01,2016,4,10,October,2016-10,39,6,Saturday,1
20161002,2016-10-02,2016,4,10,October,2016-10,39,7,Sunday,1
20161003,2016-10-03,2016,4,10,October,2016-10,40,1,Monday,0
20161004,2016-10-04,2016,4,10,October,2016-10,40,2,Tuesday,0
20161005,2016-10-05,2016,4,10,October,2016-10,40,3,Wednesday,0
20161006,2016-10-06,2016,4,10,October,2016-10,40,4,Thursday,0
20161007,2016-10-07,2016,4,10,October,2016-10,40,5,Friday,0
20161008,2016-10-08,2016,4,10,October,2016-10,40,6,Saturday,1
20161009,2016-10-09,2016,4,10,October,2016-10,40,7,Sunday,1
20161010,2016-10-10,2016,4,10,October,2016-10,41,1,Monday,0
20161011,2016-10-11,2016,4,10,October,2016-10,41,2,Tuesday,0
20161012,2016-10-12,2016,4,10,October,2016-10,41,3,Wednesday,0
20161013,2016-10-13,2016,4,10,October,2016-10,41,4,Thursday,0
20161014,2016-10-14,2016,4,10,October,2016-10,41,5,Friday,0
20161015,2016-10-15,2016,4,10,October,2016-10,41,6,Saturday,1
20161016,2016-10-16,2016,4,10,October,2016-10,41,7,Sunday,1
20161017,2016-10-17,2016,4,10,October,2016-10,42,1,Monday,0
20161018,2016-10-18,2016,4,10,October,2016-10,42,2,Tuesday,0
20161019,2016-10-19,2016,4,10,October,2016-10,42,3,Wednesday,0
20161020,2016-10-20,2016,4,10,October,2016-10,42,4,Thursday,0
20161021,2016-10-21,2016,4,10,October,2016-10,42,5,Friday,0
20161022,2016-10-22,2016,4,10,October,2016-10,42,6,Saturday,1
20161023,2016-10-23,2016,4,10,October,2016-10,42,7,Sunday,1
20161024,2016-10-24,2016,4,10,October,2016-10,43,1,Monday,0
20161025,2016-10-25,2016,4,10,October,2016-10,43,2,Tuesday,0
20161026,2016-10-26,2016,4,10,October,2016-10,43,3,Wednesday,0
20161027,2016-10-27,2016,4,10,October,2016-10,43,4,Thursday,0
20161028,2016-10-28,2016,4,10,October,2016-10,43,5,Friday,0
20161029,2016-10-29,2016,4,10,October,2016-10,43,6,Saturday,1
20161030,2016-10-30,2016,4,10,October,2016-10,43,7,Sunday,1
20161031,2016-10-31,2016,4,10,October,2016-10,44,1,Monday,0
20161101,2016-11-01,2016,4,11,November,2016-11,44,2,Tuesday,0
20161102,2016-11-02,2016,4,11,November,2016-11,44,3,Wednesday,0
20161103,2016-11-03,2016,4,11,November,2016-11,44,4,Thursday,0
20161104,2016-11-04,2016,4,11,November,2016-11,44,5,Friday,0
20161105,2016-11-05,2016,4,11,November,2016-11,44,6,Saturday,1
20161106,2016-11-06,2016,4,11,November,2016-11,44,7,Sunday,1
20161107,2016-11-07,2016,4,11,November,2016-11,45,1,Monday,0
20161108,2016-11-08,2016,4,11,November,2016-11,45,2,Tuesday,0
20161109,2016-11-09,2016,4,11,November,2016-11,45,3,Wednesday,0
20161110,2016-11-10,2016,4,11,November,2016-11,45,4,Thursday,0
20161111,2016-11-11,2016,4,11,November,2016-11,45,5,Friday,0
20161112,2016-11-12,2016,4,11,November,2016-11,45,6,Saturday,1
20161113,2016-11-13,2016,4,11,November,2016-11,45,7,Sunday,1
20161114,2016-11-14,2016,4,11,November,2016-11,46,1,Monday,0
20161115,2016-11-15,2016,4,11,November,2016-11,46,2,Tuesday,0
20161116,2016-11-16,2016,4,11,November,2016-11,46,3,Wednesday,0
20161117,2016-11-17,2016,4,11,November,2016-11,46,4,Thursday,0
20161118,2016-11-18,2016,4,11,November,2016-11,46,5,Friday,0
20161119,2016-11-19,2016,4,11,November,2016-11,46,6,Saturday,1
20161120,2016-11-20,2016,4,11,November,2016-11,46,7,Sunday,1
20161121,2016-11-21,2016,4,11,November,2016-11,47,1,Monday,0
20161122,2016-11-22,2016,4,11,November,2016-11,47,2,Tuesday,0
20161123,2016-11-23,2016,4,11,November,2016-11,47,3,Wednesday,0
20161124,2016-11-24,2016,4,11,November,2016-11,47,4,Thursday,0
20161125,2016-11-25,2016,4,11,November,2016-11,47,5,Friday,0
20161126,2016-11-26,2016,4,11,November,2016-11,47,6,Saturday,1
20161127,2016-11-27,2016,4,11,November,2016-11,47,7,Sunday,1
20161128,2016-11-28,2016,4,11,November,2016-11,48,1,Monday,0
20161129,2016-11-29,2016,4,11,November,2016-11,48,2,Tuesday,0
20161130,2016-11-30,2016,4,11,November,2016-11,48,3,Wednesday,0
20161201,2016-12-01,2016,4,12,December,2016-12,48,4,Thursday,0
20161202,2016-12-02,2016,4,12,December,2016-12,48,5,Friday,0
20161203,2016-12-03,2016,4,12,December,2016-12,48,6,Saturday,1
20161204,2016-12-04,2016,4,12,December,2016-12,48,7,Sunday,1
20161205,2016-12-05,2016,4,12,December,2016-12,49,1,Monday,0
20161206,2016-12-06,2016,4,12,December,2016-12,49,2,Tuesday,0
20161207,2016-12-07,2016,4,12,December,2016-12,49,3,Wednesday,0
20161208,2016-12-08,2016,4,12,December,2016-12,49,4,Thursday,0
20161209,2016-12-09,2016,4,12,December,2016-12,49,5,Friday,0
20161210,2016-12-10,2016,4,12,December,2016-12,49,6,Saturday,1
20161211,2016-12-11,2016,4,12,December,2016-12,49,7,Sunday,1
20161212,2016-12-12,2016,4,12,December,2016-12,50,1,Monday,0
20161213,2016-12-13,2016,4,12,December,2016-12,50,2,Tuesday,0
20161214,2016-12-14,2016,4,12,December,2016-12,50,3,Wednesday,0
20161215,2016-12-15,2016,4,12,December,2016-12,50,4,Thursday,0
20161216,2016-12-16,2016,4,12,December,2016-12,50,5,Friday,0
20161217,2016-12-17,2016,4,12,December,2016-12,50,6,Saturday,1
20161218,2016-12-18,2016,4,12,December,2016-12,50,7,Sunday,1
20161219,2016-12-19,2016,4,12,December,2016-12,51,1,Monday,0
20161220,2016-12-20,2016,4,12,December,2016-12,51,2,Tuesday,0
20161221,2016-12-21,2016,4,12,December,2016-12,51,3,Wednesday,0
20161222,2016-12-22,2016,4,12,December,2016-12,51,4,Thursday,0
20161223,2016-12-23,2016,4,12,December,2016-12,51,5,Friday,0
20161224,2016-12-24,2016,4,12,December,2016-12,51,6,Saturday,1
20161225,2016-12-25,2016,4,12,December,2016-12,51,7,Sunday,1
20161226,2016-12-26,2016,4,12,December,2016-12,52,1,Monday,0
20161227,2016-12-27,2016,4,12,December,2016-12,52,2,Tuesday,0
20161228,2016-12-28,2016,4,12,December,2016-12,52,3,Wednesday,0
20161229,2016-12-29,2016,4,12,December,2016-12,52,4,Thursday,0
20161230,2016-12-30,2016,4,12,December,2016-12,52,5,Friday,0
20161231,2016-12-31,2016,4,12,December,2016-12,52,6,Saturday,1
20170101,2017-01-01,2017,1,1,January,2017-01,52,7,Sunday,1
20170102,2017-01-02,2017,1,1,January,2017-01,1,1,Monday,0
20170103,2017-01-03,2017,1,1,January,2017-01,1,2,Tuesday,0
20170104,2017-01-04,2017,1,1,January,2017-01,1,3,Wednesday,0
20170105,2017-01-05,2017,1,1,January,2017-01,1,4,Thursday,0
20170106,2017-01-06,2017,1,1,January,2017-01,1,5,Friday,0
20170107,2017-01-07,2017,1,1,January,2017-01,1,6,Saturday,1
20170108,2017-01-08,2017,1,1,January,2017-01,1,7,Sunday,1
20170109,2017-01-09,2017,1,1,January,2017-01,2,1,Monday,0
20170110,2017-01-10,2017,1,1,January,2017-01,2,2,Tuesday,0
20170111,2017-01-11,2017,1,1,January,2017-01,2,3,Wednesday,0
20170112,2017-01-12,2017,1,1,January,2017-01,2,4,Thursday,0
20170113,2017-01-13,2017,1,1,January,2017-01,2,5,Friday,0
20170114,2017-01-14,2017,1,1,January,2017-01,2,6,Saturday,1
20170115,2017-01-15,2017,1,1,January,2017-01,2,7,Sunday,1
20170116,2017-01-16,2017,1,1,January,2017-01,3,1,Monday,0
20170117,2017-01-17,2017,1,1,January,2017-01,3,2,Tuesday,0
20170118,2017-01-18,2017,1,1,January,2017-01,3,3,Wednesday,0
20170119,2017-01-19,2017,1,1,January,2017-01,3,4,Thursday,0
20170120,2017-01-20,2017,1,1,January,2017-01,3,5,Friday,0
20170121,2017-01-21,2017,1,1,January,2017-01,3,6,Saturday,1
20170122,2017-01-22,2017,1,1,January,2017-01,3,7,Sunday,1
20170123,2017-01-23,2017,1,1,January,2017-01,4,1,Monday,0
20170124,2017-01-24,2017,1,1,January,2017-01,4,2,Tuesday,0
20170125,2017-01-25,2017,1,1,January,2017-01,4,3,Wednesday,0
20170126,2017-01-26,2017,1,1,January,2017-01,4,4,Thursday,0
20170127,2017-01-27,2017,1,1,January,2017-01,4,5,Friday,0
20170128,2017-01-28,2017,1,1,January,2017-01,4,6,Saturday,1
20170129,2017-01-29,2017,1,1,January,2017-01,4,7,Sunday,1
20170130,2017-01-30,2017,1,1,January,2017-01,5,1,Monday,0
20170131,2017-01-31,2017,1,1,January,2017-01,5,2,Tuesday,0
20170201,2017-02-01,2017,1,2,February,2017-02,5,3,Wednesday,0
20170202,2017-02-02,2017,1,2,February,2017-02,5,4,Thursday,0
20170203,2017-02-03,2017,1,2,February,2017-02,5,5,Friday,0
20170204,2017-02-04,2017,1,2,February,2017-02,5,6,Saturday,1
20170205,2017-02-05,2017,1,2,February,2017-02,5,7,Sunday,1
20170206,2017-02-06,2017,1,2,February,2017-02,6,1,Monday,0
20170207,2017-02-07,2017,1,2,February,2017-02,6,2,Tuesday,0
20170208,2017-02-08,2017,1,2,February,2017-02,6,3,Wednesday,0
20170209,2017-02-09,2017,1,2,February,2017-02,6,4,Thursday,0
20170210,2017-02-10,2017,1,2,February,2017-02,6,5,Friday,0
20170211,2017-02-11,2017,1,2,February,2017-02,6,6,Saturday,1
20170212,2017-02-12,2017,1,2,February,2017-02,6,7,Sunday,1
20170213,2017-02-13,2017,1,2,February,2017-02,7,1,Monday,0
20170214,2017-02-14,2017,1,2,February,2017-02,7,2,Tuesday,0
20170215,2017-02-15,2017,1,2,February,2017-02,7,3,Wednesday,0
20170216,2017-02-16,2017,1,2,February,2017-02,7,4,Thursday,0
20170217,2017-02-17,2017,1,2,February,2017-02,7,5,Friday,0
20170218,2017-02-18,2017,1,2,February,2017-02,7,6,Saturday,1
20170219,2017-02-19,2017,1,2,February,2017-02,7,7,Sunday,1
20170220,2017-02-20,2017,1,2,February,2017-02,8,1,Monday,0
20170221,2017-02-21,2017,1,2,February,2017-02,8,2,Tuesday,0
20170222,2017-02-22,2017,1,2,February,2017-02,8,3,Wednesday,0
20170223,2017-02-23,2017,1,2,February,2017-02,8,4,Thursday,0
20170224,2017-02-24,2017,1,2,February,2017-02,8,5,Friday,0
20170225,2017-02-25,2017,1,2,February,2017-02,8,6,Saturday,1
20170226,2017-02-26,2017,1,2,February,2017-02,8,7,Sunday,1
20170227,2017-02-27,2017,1,2,February,2017-02,9,1,Monday,0
20170228,2017-02-28,2017,1,2,February,2017-02,9,2,Tuesday,0
20170301,2017-03-01,2017,1,3,March,2017-03,9,3,Wednesday,0
20170302,2017-03-02,2017,1,3,March,2017-03,9,4,Thursday,0
20170303,2017-03-03,2017,1,3,March,2017-03,9,5,Friday,0
20170304,2017-03-04,2017,1,3,March,2017-03,9,6,Saturday,1
20170305,2017-03-05,2017,1,3,March,2017-03,9,7,Sunday,1
20170306,2017-03-06,2017,1,3,March,2017-03,10,1,Monday,0
20170307,2017-03-07,2017,1,3,March,2017-03,10,2,Tuesday,0
20170308,2017-03-08,2017,1,3,March,2017-03,10,3,Wednesday,0
20170309,2017-03-09,2017,1,3,March,2017-03,10,4,Thursday,0
20170310,2017-03-10,2017,1,3,March,2017-03,10,5,Friday,0
20170311,2017-03-11,2017,1,3,March,2017-03,10,6,Saturday,1
20170312,2017-03-12,2017,1,3,March,2017-03,10,7,Sunday,1
20170313,2017-03-13,2017,1,3,March,2017-03,11,1,Monday,0
20170314,2017-03-14,2017,1,3,March,2017-03,11,2,Tuesday,0
20170315,2017-03-15,2017,1,3,March,2017-03,11,3,Wednesday,0
20170316,2017-03-16,2017,1,3,March,2017-03,11,4,Thursday,0
20170317,2017-03-17,2017,1,3,March,2017-03,11,5,Friday,0
20170318,2017-03-18,2017,1,3,March,2017-03,11,6,Saturday,1
20170319,2017-03-19,2017,1,3,March,2017-03,11,7,Sunday,1
20170320,2017-03-20,2017,1,3,March,2017-03,12,1,Monday,0
20170321,2017-03-21,2017,1,3,March,2017-03,12,2,Tuesday,0
20170322,2017-03-22,2017,1,3,March,2017-03,12,3,Wednesday,0
20170323,2017-03-23,2017,1,3,March,2017-03,12,4,Thursday,0
20170324,2017-03-24,2017,1,3,March,2017-03,12,5,Friday,0
20170325,2017-03-25,2017,1,3,March,2017-03,12,6,Saturday,1
20170326,2017-03-26,2017,1,3,March,2017-03,12,7,Sunday,1
20170327,2017-03-27,2017,1,3,March,2017-03,13,1,Monday,0
20170328,2017-03-28,2017,1,3,March,2017-03,13,2,Tuesday,0
20170329,2017-03-29,2017,1,3,March,2017-03,13,3,Wednesday,0
20170330,2017-03-30,2017,1,3,March,2017-03,13,4,Thursday,0
20170331,2017-03-31,2017,1,3,March,2017-03,13,5,Friday,0
20170401,2017-04-01,2017,2,4,April,2017-04,13,6,Saturday,1
20170402,2017-04-02,2017,2,4,April,2017-04,13,7,Sunday,1
20170403,2017-04-03,2017,2,4,April,2017-04,14,1,Monday,0
20170404,2017-04-04,2017,2,4,April,2017-04,14,2,Tuesday,0
20170405,2017-04-05,2017,2,4,April,2017-04,14,3,Wednesday,0
20170406,2017-04-06,2017,2,4,April,2017-04,14,4,Thursday,0
20170407,2017-04-07,2017,2,4,April,2017-04,14,5,Friday,0
20170408,2017-04-08,2017,2,4,April,2017-04,14,6,Saturday,1
20170409,2017-04-09,2017,2,4,April,2017-04,14,7,Sunday,1
20170410,2017-04-10,2017,2,4,April,2017-04,15,1,Monday,0
20170411,2017-04-11,2017,2,4,April,2017-04,15,2,Tuesday,0
20170412,2017-04-12,2017,2,4,April,2017-04,15,3,Wednesday,0
20170413,2017-04-13,2017,2,4,April,2017-04,15,4,Thursday,0
20170414,2017-04-14,2017,2,4,April,2017-04,15,5,Friday,0
20170415,2017-04-15,2017,2,4,April,2017-04,15,6,Saturday,1
20170416,2017-04-16,2017,2,4,April,2017-04,15,7,Sunday,1
20170417,2017-04-17,2017,2,4,April,2017-04,16,1,Monday,0
20170418,2017-04-18,2017,2,4,April,2017-04,16,2,Tuesday,0
20170419,2017-04-19,2017,2,4,April,2017-04,16,3,Wednesday,0
20170420,2017-04-20,2017,2,4,April,2017-04,16,4,Thursday,0
20170421,2017-04-21,2017,2,4,April,2017-04,16,5,Friday,0
20170422,2017-04-22,2017,2,4,April,2017-04,16,6,Saturday,1
20170423,2017-04-23,2017,2,4,April,2017-04,16,7,Sunday,1
20170424,2017-04-24,2017,2,4,April,2017-04,17,1,Monday,0
20170425,2017-04-25,2017,2,4,April,2017-04,17,2,Tuesday,0
20170426,2017-04-26,2017,2,4,April,2017-04,17,3,Wednesday,0
20170427,2017-04-27,2017,2,4,April,2017-04,17,4,Thursday,0
20170428,2017-04-28,2017,2,4,April,2017-04,17,5,Friday,0
20170429,2017-04-29,2017,2,4,April,2017-04,17,6,Saturday,1
20170430,2017-04-30,2017,2,4,April,2017-04,17,7,Sunday,1
20170501,2017-05-01,2017,2,5,May,2017-05,18,1,Monday,0
20170502,2017-05-02,2017,2,5,May,2017-05,18,2,Tuesday,0
20170503,2017-05-03,2017,2,5,May,2017-05,18,3,Wednesday,0
20170504,2017-05-04,2017,2,5,May,2017-05,18,4,Thursday,0
20170505,2017-05-05,2017,2,5,May,2017-05,18,5,Friday,0
20170506,2017-05-06,2017,2,5,May,2017-05,18,6,Saturday,1
20170507,2017-05-07,2017,2,5,May,2017-05,18,7,Sunday,1
20170508,2017-05-08,2017,2,5,May,2017-05,19,1,Monday,0
20170509,2017-05-09,2017,2,5,May,2017-05,19,2,Tuesday,0
20170510,2017-05-10,2017,2,5,May,2017-05,19,3,Wednesday,0
20170511,2017-05-11,2017,2,5,May,2017-05,19,4,Thursday,0
20170512,2017-05-12,2017,2,5,May,2017-05,19,5,Friday,0
20170513,2017-05-13,2017,2,5,May,2017-05,19,6,Saturday,1
20170514,2017-05-14,2017,2,5,May,2017-05,19,7,Sunday,1
20170515,2017-05-15,2017,2,5,May,2017-05,20,1,Monday,0
20170516,2017-05-16,2017,2,5,May,2017-05,20,2,Tuesday,0
20170517,2017-05-17,2017,2,5,May,2017-05,20,3,Wednesday,0
20170518,2017-05-18,2017,2,5,May,2017-05,20,4,Thursday,0
20170519,2017-05-19,2017,2,5,May,2017-05,20,5,Friday,0
20170520,2017-05-20,2017,2,5,May,2017-05,20,6,Saturday,1
20170521,2017-05-21,2017,2,5,May,2017-05,20,7,Sunday,1
20170522,2017-05-22,2017,2,5,May,2017-05,21,1,Monday,0
20170523,2017-05-23,2017,2,5,May,2017-05,21,2,Tuesday,0
20170524,2017-05-24,2017,2,5,May,2017-05,21,3,Wednesday,0
20170525,2017-05-25,2017,2,5,May,2017-05,21,4,Thursday,0
20170526,2017-05-26,2017,2,5,May,2017-05,21,5,Friday,0
20170527,2017-05-27,2017,2,5,May,2017-05,21,6,Saturday,1
20170528,2017-05-28,2017,2,5,May,2017-05,21,7,Sunday,1
20170529,2017-05-29,2017,2,5,May,2017-05,22,1,Monday,0
20170530,2017-05-30,2017,2,5,May,2017-05,22,2,Tuesday,0
20170531,2017-05-31,2017,2,5,May,2017-05,22,3,Wednesday,0
20170601,2017-06-01,2017,2,6,June,2017-06,22,4,Thursday,0
20170602,2017-06-02,2017,2,6,June,2017-06,22,5,Friday,0
20170603,2017-06-03,2017,2,6,June,2017-06,22,6,Saturday,1
20170604,2017-06-04,2017,2,6,June,2017-06,22,7,Sunday,1
20170605,2017-06-05,2017,2,6,June,2017-06,23,1,Monday,0
20170606,2017-06-06,2017,2,6,June,2017-06,23,2,Tuesday,0
20170607,2017-06-07,2017,2,6,June,2017-06,23,3,Wednesday,0
20170608,2017-06-08,2017,2,6,June,2017-06,23,4,Thursday,0
20170609,2017-06-09,2017,2,6,June,2017-06,23,5,Friday,0
20170610,2017-06-10,2017,2,6,June,2017-06,23,6,Saturday,1
20170611,2017-06-11,2017,2,6,June,2017-06,23,7,Sunday,1
20170612,2017-06-12,2017,2,6,June,2017-06,24,1,Monday,0
20170613,2017-06-13,2017,2,6,June,2017-06,24,2,Tuesday,0
20170614,2017-06-14,2017,2,6,June,2017-06,24,3,Wednesday,0
20170615,2017-06-15,2017,2,6,June,2017-06,24,4,Thursday,0
20170616,2017-06-16,2017,2,6,June,2017-06,24,5,Friday,0
20170617,2017-06-17,2017,2,6,June,2017-06,24,6,Saturday,1
20170618,2017-06-18,2017,2,6,June,2017-06,24,7,Sunday,1
20170619,2017-06-19,2017,2,6,June,2017-06,25,1,Monday,0
20170620,2017-06-20,2017,2,6,June,2017-06,25,2,Tuesday,0
20170621,2017-06-21,2017,2,6,June,2017-06,25,3,Wednesday,0
20170622,2017-06-22,2017,2,6,June,2017-06,25,4,Thursday,0
20170623,2017-06-23,2017,2,6,June,2017-06,25,5,Friday,0
20170624,2017-06-24,2017,2,6,June,2017-06,25,6,Saturday,1
20170625,2017-06-25,2017,2,6,June,2017-06,25,7,Sunday,1
20170626,2017-06-26,2017,2,6,June,2017-06,26,1,Monday,0
20170627,2017-06-27,2017,2,6,June,2017-06,26,2,Tuesday,0
20170628,2017-06-28,2017,2,6,June,2017-06,26,3,Wednesday,0
20170629,2017-06-29,2017,2,6,June,2017-06,26,4,Thursday,0
20170630,2017-06-30,2017,2,6,June,2017-06,26,5,Friday,0
20170701,2017-07-01,2017,3,7,July,2017-07,26,6,Saturday,1
20170702,2017-07-02,2017,3,7,July,2017-07,26,7,Sunday,1
20170703,2017-07-03,2017,3,7,July,2017-07,27,1,Monday,0
20170704,2017-07-04,2017,3,7,July,2017-07,27,2,Tuesday,0
20170705,2017-07-05,2017,3,7,July,2017-07,27,3,Wednesday,0
20170706,2017-07-06,2017,3,7,July,2017-07,27,4,Thursday,0
20170707,2017-07-07,2017,3,7,July,2017-07,27,5,Friday,0
20170708,2017-07-08,2017,3,7,July,2017-07,27,6,Saturday,1
20170709,2017-07-09,2017,3,7,July,2017-07,27,7,Sunday,1
20170710,2017-07-10,2017,3,7,July,2017-07,28,1,Monday,0
20170711,2017-07-11,2017,3,7,July,2017-07,28,2,Tuesday,0
20170712,2017-07-12,2017,3,7,July,2017-07,28,3,Wednesday,0
20170713,2017-07-13,2017,3,7,July,2017-07,28,4,Thursday,0
20170714,2017-07-14,2017,3,7,July,2017-07,28,5,Friday,0
20170715,2017-07-15,2017,3,7,July,2017-07,28,6,Saturday,1
20170716,2017-07-16,2017,3,7,July,2017-07,28,7,Sunday,1
20170717,2017-07-17,2017,3,7,July,2017-07,29,1,Monday,0
20170718,2017-07-18,2017,3,7,July,2017-07,29,2,Tuesday,0
20170719,2017-07-19,2017,3,7,July,2017-07,29,3,Wednesday,0
20170720,2017-07-20,2017,3,7,July,2017-07,29,4,Thursday,0
20170721,2017-07-21,2017,3,7,July,2017-07,29,5,Friday,0
20170722,2017-07-22,2017,3,7,July,2017-07,29,6,Saturday,1
20170723,2017-07-23,2017,3,7,July,2017-07,29,7,Sunday,1
20170724,2017-07-24,2017,3,7,July,2017-07,30,1,Monday,0
20170725,2017-07-25,2017,3,7,July,2017-07,30,2,Tuesday,0
20170726,2017-07-26,2017,3,7,July,2017-07,30,3,Wednesday,0
20170727,2017-07-27,2017,3,7,July,2017-07,30,4,Thursday,0
20170728,2017-07-28,2017,3,7,July,2017-07,30,5,Friday,0
20170729,2017-07-29,2017,3,7,July,2017-07,30,6,Saturday,1
20170730,2017-07-30,2017,3,7,July,2017-07,30,7,Sunday,1
20170731,2017-07-31,2017,3,7,July,2017-07,31,1,Monday,0
20170801,2017-08-01,2017,3,8,August,2017-08,31,2,Tuesday,0
20170802,2017-08-02,2017,3,8,August,2017-08,31,3,Wednesday,0
20170803,2017-08-03,2017,3,8,August,2017-08,31,4,Thursday,0
20170804,2017-08-04,2017,3,8,August,2017-08,31,5,Friday,0
20170805,2017-08-05,2017,3,8,August,2017-08,31,6,Saturday,1
20170806,2017-08-06,2017,3,8,August,2017-08,31,7,Sunday,1
20170807,2017-08-07,2017,3,8,August,2017-08,32,1,Monday,0
20170808,2017-08-08,2017,3,8,August,2017-08,32,2,Tuesday,0
20170809,2017-08-09,2017,3,8,August,2017-08,32,3,Wednesday,0
20170810,2017-08-10,2017,3,8,August,2017-08,32,4,Thursday,0
20170811,2017-08-11,2017,3,8,August,2017-08,32,5,Friday,0
20170812,2017-08-12,2017,3,8,August,2017-08,32,6,Saturday,1
20170813,2017-08-13,2017,3,8,August,2017-08,32,7,Sunday,1
20170814,2017-08-14,2017,3,8,August,2017-08,33,1,Monday,0
20170815,2017-08-15,2017,3,8,August,2017-08,33,2,Tuesday,0
20170816,2017-08-16,2017,3,8,August,2017-08,33,3,Wednesday,0
20170817,2017-08-17,2017,3,8,August,2017-08,33,4,Thursday,0
20170818,2017-08-18,2017,3,8,August,2017-08,33,5,Friday,0
20170819,2017-08-19,2017,3,8,August,2017-08,33,6,Saturday,1
20170820,2017-08-20,2017,3,8,August,2017-08,33,7,Sunday,1
20170821,2017-08-21,2017,3,8,August,2017-08,34,1,Monday,0
20170822,2017-08-22,2017,3,8,August,2017-08,34,2,Tuesday,0
20170823,2017-08-23,2017,3,8,August,2017-08,34,3,Wednesday,0
20170824,2017-08-24,2017,3,8,August,2017-08,34,4,Thursday,0
20170825,2017-08-25,2017,3,8,August,2017-08,34,5,Friday,0
20170826,2017-08-26,2017,3,8,August,2017-08,34,6,Saturday,1
20170827,2017-08-27,2017,3,8,August,2017-08,34,7,Sunday,1
20170828,2017-08-28,2017,3,8,August,2017-08,35,1,Monday,0
20170829,2017-08-29,2017,3,8,August,2017-08,35,2,Tuesday,0
20170830,2017-08-30,2017,3,8,August,2017-08,35,3,Wednesday,0
20170831,2017-08-31,2017,3,8,August,2017-08,35,4,Thursday,0
20170901,2017-09-01,2017,3,9,September,2017-09,35,5,Friday,0
20170902,2017-09-02,2017,3,9,September,2017-09,35,6,Saturday,1
20170903,2017-09-03,2017,3,9,September,2017-09,35,7,Sunday,1
20170904,2017-09-04,2017,3,9,September,2017-09,36,1,Monday,0
20170905,2017-09-05,2017,3,9,September,2017-09,36,2,Tuesday,0
20170906,2017-09-06,2017,3,9,September,2017-09,36,3,Wednesday,0
20170907,2017-09-07,2017,3,9,September,2017-09,36,4,Thursday,0
20170908,2017-09-08,2017,3,9,September,2017-09,36,5,Friday,0
20170909,2017-09-09,2017,3,9,September,2017-09,36,6,Saturday,1
20170910,2017-09-10,2017,3,9,September,2017-09,36,7,Sunday,1
20170911,2017-09-11,2017,3,9,September,2017-09,37,1,Monday,0
20170912,2017-09-12,2017,3,9,September,2017-09,37,2,Tuesday,0
20170913,2017-09-13,2017,3,9,September,2017-09,37,3,Wednesday,0
20170914,2017-09-14,2017,3,9,September,2017-09,37,4,Thursday,0
20170915,2017-09-15,2017,3,9,September,2017-09,37,5,Friday,0
20170916,2017-09-16,2017,3,9,September,2017-09,37,6,Saturday,1
20170917,2017-09-17,2017,3,9,September,2017-09,37,7,Sunday,1
20170918,2017-09-18,2017,3,9,September,2017-09,38,1,Monday,0
20170919,2017-09-19,2017,3,9,September,2017-09,38,2,Tuesday,0
20170920,2017-09-20,2017,3,9,September,2017-09,38,3,Wednesday,0
20170921,2017-09-21,2017,3,9,September,2017-09,38,4,Thursday,0
20170922,2017-09-22,2017,3,9,September,2017-09,38,5,Friday,0
20170923,2017-09-23,2017,3,9,September,2017-09,38,6,Saturday,1
20170924,2017-09-24,2017,3,9,September,2017-09,38,7,Sunday,1
20170925,2017-09-25,2017,3,9,September,2017-09,39,1,Monday,0
20170926,2017-09-26,2017,3,9,September,2017-09,39,2,Tuesday,0
20170927,2017-09-27,2017,3,9,September,2017-09,39,3,Wednesday,0
20170928,2017-09-28,2017,3,9,September,2017-09,39,4,Thursday,0
20170929,2017-09-29,2017,3,9,September,2017-09,39,5,Friday,0
20170930,2017-09-30,2017,3,9,September,2017-09,39,6,Saturday,1
20171001,2017-10-01,2017,4,10,October,2017-10,39,7,Sunday,1
20171002,2017-10-02,2017,4,10,October,2017-10,40,1,Monday,0
20171003,2017-10-03,2017,4,10,October,2017-10,40,2,Tuesday,0
20171004,2017-10-04,2017,4,10,October,2017-10,40,3,Wednesday,0
20171005,2017-10-05,2017,4,10,October,2017-10,40,4,Thursday,0
20171006,2017-10-06,2017,4,10,October,2017-10,40,5,Friday,0
20171007,2017-10-07,2017,4,10,October,2017-10,40,6,Saturday,1
20171008,2017-10-08,2017,4,10,October,2017-10,40,7,Sunday,1
20171009,2017-10-09,2017,4,10,October,2017-10,41,1,Monday,0
20171010,2017-10-10,2017,4,10,October,2017-10,41,2,Tuesday,0
20171011,2017-10-11,2017,4,10,October,2017-10,41,3,Wednesday,0
20171012,2017-10-12,2017,4,10,October,2017-10,41,4,Thursday,0
20171013,2017-10-13,2017,4,10,October,2017-10,41,5,Friday,0
20171014,2017-10-14,2017,4,10,October,2017-10,41,6,Saturday,1
20171015,2017-10-15,2017,4,10,October,2017-10,41,7,Sunday,1
20171016,2017-10-16,2017,4,10,October,2017-10,42,1,Monday,0
20171017,2017-10-17,2017,4,10,October,2017-10,42,2,Tuesday,0
20171018,2017-10-18,2017,4,10,October,2017-10,42,3,Wednesday,0
20171019,2017-10-19,2017,4,10,October,2017-10,42,4,Thursday,0
20171020,2017-10-20,2017,4,10,October,2017-10,42,5,Friday,0
20171021,2017-10-21,2017,4,10,October,2017-10,42,6,Saturday,1
20171022,2017-10-22,2017,4,10,October,2017-10,42,7,Sunday,1
20171023,2017-10-23,2017,4,10,October,2017-10,43,1,Monday,0
20171024,2017-10-24,2017,4,10,October,2017-10,43,2,Tuesday,0
20171025,2017-10-25,2017,4,10,October,2017-10,43,3,Wednesday,0
20171026,2017-10-26,2017,4,10,October,2017-10,43,4,Thursday,0
20171027,2017-10-27,2017,4,10,October,2017-10,43,5,Friday,0
20171028,2017-10-28,2017,4,10,October,2017-10,43,6,Saturday,1
20171029,2017-10-29,2017,4,10,October,2017-10,43,7,Sunday,1
20171030,2017-10-30,2017,4,10,October,2017-10,44,1,Monday,0
20171031,2017-10-31,2017,4,10,October,2017-10,44,2,Tuesday,0
20171101,2017-11-01,2017,4,11,November,2017-11,44,3,Wednesday,0
20171102,2017-11-02,2017,4,11,November,2017-11,44,4,Thursday,0
20171103,2017-11-03,2017,4,11,November,2017-11,44,5,Friday,0
20171104,2017-11-04,2017,4,11,November,2017-11,44,6,Saturday,1
20171105,2017-11-05,2017,4,11,November,2017-11,44,7,Sunday,1
20171106,2017-11-06,2017,4,11,November,2017-11,45,1,Monday,0
20171107,2017-11-07,2017,4,11,November,2017-11,45,2,Tuesday,0
20171108,2017-11-08,2017,4,11,November,2017-11,45,3,Wednesday,0
20171109,2017-11-09,2017,4,11,November,2017-11,45,4,Thursday,0
20171110,2017-11-10,2017,4,11,November,2017-11,45,5,Friday,0
20171111,2017-11-11,2017,4,11,November,2017-11,45,6,Saturday,1
20171112,2017-11-12,2017,4,11,November,2017-11,45,7,Sunday,1
20171113,2017-11-13,2017,4,11,November,2017-11,46,1,Monday,0
20171114,2017-11-14,2017,4,11,November,2017-11,46,2,Tuesday,0
20171115,2017-11-15,2017,4,11,November,2017-11,46,3,Wednesday,0
20171116,2017-11-16,2017,4,11,November,2017-11,46,4,Thursday,0
20171117,2017-11-17,2017,4,11,November,2017-11,46,5,Friday,0
20171118,2017-11-18,2017,4,11,November,2017-11,46,6,Saturday,1
20171119,2017-11-19,2017,4,11,November,2017-11,46,7,Sunday,1
20171120,2017-11-20,2017,4,11,November,2017-11,47,1,Monday,0
20171121,2017-11-21,2017,4,11,November,2017-11,47,2,Tuesday,0
20171122,2017-11-22,2017,4,11,November,2017-11,47,3,Wednesday,0
20171123,2017-11-23,2017,4,11,November,2017-11,47,4,Thursday,0
20171124,2017-11-24,2017,4,11,November,2017-11,47,5,Friday,0
20171125,2017-11-25,2017,4,11,November,2017-11,47,6,Saturday,1
20171126,2017-11-26,2017,4,11,November,2017-11,47,7,Sunday,1
20171127,2017-11-27,2017,4,11,November,2017-11,48,1,Monday,0
20171128,2017-11-28,2017,4,11,November,2017-11,48,2,Tuesday,0
20171129,2017-11-29,2017,4,11,November,2017-11,48,3,Wednesday,0
20171130,2017-11-30,2017,4,11,November,2017-11,48,4,Thursday,0
20171201,2017-12-01,2017,4,12,December,2017-12,48,5,Friday,0
20171202,2017-12-02,2017,4,12,December,2017-12,48,6,Saturday,1
20171203,2017-12-03,2017,4,12,December,2017-12,48,7,Sunday,1
20171204,2017-12-04,2017,4,12,December,2017-12,49,1,Monday,0
20171205,2017-12-05,2017,4,12,December,2017-12,49,2,Tuesday,0
20171206,2017-12-06,2017,4,12,December,2017-12,49,3,Wednesday,0
20171207,2017-12-07,2017,4,12,December,2017-12,49,4,Thursday,0
20171208,2017-12-08,2017,4,12,December,2017-12,49,5,Friday,0
20171209,2017-12-09,2017,4,12,December,2017-12,49,6,Saturday,1
20171210,2017-12-10,2017,4,12,December,2017-12,49,7,Sunday,1
20171211,2017-12-11,2017,4,12,December,2017-12,50,1,Monday,0
20171212,2017-12-12,2017,4,12,December,2017-12,50,2,Tuesday,0
20171213,2017-12-13,2017,4,12,December,2017-12,50,3,Wednesday,0
20171214,2017-12-14,2017,4,12,December,2017-12,50,4,Thursday,0
20171215,2017-12-15,2017,4,12,December,2017-12,50,5,Friday,0
20171216,2017-12-16,2017,4,12,December,2017-12,50,6,Saturday,1
20171217,2017-12-17,2017,4,12,December,2017-12,50,7,Sunday,1
20171218,2017-12-18,2017,4,12,December,2017-12,51,1,Monday,0
20171219,2017-12-19,2017,4,12,December,2017-12,51,2,Tuesday,0
20171220,2017-12-20,2017,4,12,December,2017-12,51,3,Wednesday,0
20171221,2017-12-21,2017,4,12,December,2017-12,51,4,Thursday,0
20171222,2017-12-22,2017,4,12,December,2017-12,51,5,Friday,0
20171223,2017-12-23,2017,4,12,December,2017-12,51,6,Saturday,1
20171224,2017-12-24,2017,4,12,December,2017-12,51,7,Sunday,1
20171225,2017-12-25,2017,4,12,December,2017-12,52,1,Monday,0
20171226,2017-12-26,2017,4,12,December,2017-12,52,2,Tuesday,0
20171227,2017-12-27,2017,4,12,December,2017-12,52,3,Wednesday,0
20171228,2017-12-28,2017,4,12,December,2017-12,52,4,Thursday,0
20171229,2017-12-29,2017,4,12,December,2017-12,52,5,Friday,0
20171230,2017-12-30,2017,4,12,December,2017-12,52,6,Saturday,1
20171231,2017-12-31,2017,4,12,December,2017-12,52,7,Sunday,1
20180101,2018-01-01,2018,1,1,January,2018-01,1,1,Monday,0
20180102,2018-01-02,2018,1,1,January,2018-01,1,2,Tuesday,0
20180103,2018-01-03,2018,1,1,January,2018-01,1,3,Wednesday,0
20180104,2018-01-04,2018,1,1,January,2018-01,1,4,Thursday,0
20180105,2018-01-05,2018,1,1,January,2018-01,1,5,Friday,0
20180106,2018-01-06,2018,1,1,January,2018-01,1,6,Saturday,1
20180107,2018-01-07,2018,1,1,January,2018-01,1,7,Sunday,1
20180108,2018-01-08,2018,1,1,January,2018-01,2,1,Monday,0
20180109,2018-01-09,2018,1,1,January,2018-01,2,2,Tuesday,0
20180110,2018-01-10,2018,1,1,January,2018-01,2,3,Wednesday,0
20180111,2018-01-11,2018,1,1,January,2018-01,2,4,Thursday,0
20180112,2018-01-12,2018,1,1,January,2018-01,2,5,Friday,0
20180113,2018-01-13,2018,1,1,January,2018-01,2,6,Saturday,1
20180114,2018-01-14,2018,1,1,January,2018-01,2,7,Sunday,1
20180115,2018-01-15,2018,1,1,January,2018-01,3,1,Monday,0
20180116,2018-01-16,2018,1,1,January,2018-01,3,2,Tuesday,0
20180117,2018-01-17,2018,1,1,January,2018-01,3,3,Wednesday,0
20180118,2018-01-18,2018,1,1,January,2018-01,3,4,Thursday,0
20180119,2018-01-19,2018,1,1,January,2018-01,3,5,Friday,0
20180120,2018-01-20,2018,1,1,January,2018-01,3,6,Saturday,1
20180121,2018-01-21,2018,1,1,January,2018-01,3,7,Sunday,1
20180122,2018-01-22,2018,1,1,January,2018-01,4,1,Monday,0
20180123,2018-01-23,2018,1,1,January,2018-01,4,2,Tuesday,0
20180124,2018-01-24,2018,1,1,January,2018-01,4,3,Wednesday,0
20180125,2018-01-25,2018,1,1,January,2018-01,4,4,Thursday,0
20180126,2018-01-26,2018,1,1,January,2018-01,4,5,Friday,0
20180127,2018-01-27,2018,1,1,January,2018-01,4,6,Saturday,1
20180128,2018-01-28,2018,1,1,January,2018-01,4,7,Sunday,1
20180129,2018-01-29,2018,1,1,January,2018-01,5,1,Monday,0
20180130,2018-01-30,2018,1,1,January,2018-01,5,2,Tuesday,0
20180131,2018-01-31,2018,1,1,January,2018-01,5,3,Wednesday,0
20180201,2018-02-01,2018,1,2,February,2018-02,5,4,Thursday,0
20180202,2018-02-02,2018,1,2,February,2018-02,5,5,Friday,0
20180203,2018-02-03,2018,1,2,February,2018-02,5,6,Saturday,1
20180204,2018-02-04,2018,1,2,February,2018-02,5,7,Sunday,1
20180205,2018-02-05,2018,1,2,February,2018-02,6,1,Monday,0
20180206,2018-02-06,2018,1,2,February,2018-02,6,2,Tuesday,0
20180207,2018-02-07,2018,1,2,February,2018-02,6,3,Wednesday,0
20180208,2018-02-08,2018,1,2,February,2018-02,6,4,Thursday,0
20180209,2018-02-09,2018,1,2,February,2018-02,6,5,Friday,0
20180210,2018-02-10,2018,1,2,February,2018-02,6,6,Saturday,1
20180211,2018-02-11,2018,1,2,February,2018-02,6,7,Sunday,1
20180212,2018-02-12,2018,1,2,February,2018-02,7,1,Monday,0
20180213,2018-02-13,2018,1,2,February,2018-02,7,2,Tuesday,0
20180214,2018-02-14,2018,1,2,February,2018-02,7,3,Wednesday,0
20180215,2018-02-15,2018,1,2,February,2018-02,7,4,Thursday,0
20180216,2018-02-16,2018,1,2,February,2018-02,7,5,Friday,0
20180217,2018-02-17,2018,1,2,February,2018-02,7,6,Saturday,1
20180218,2018-02-18,2018,1,2,February,2018-02,7,7,Sunday,1
20180219,2018-02-19,2018,1,2,February,2018-02,8,1,Monday,0
20180220,2018-02-20,2018,1,2,February,2018-02,8,2,Tuesday,0
20180221,2018-02-21,2018,1,2,February,2018-02,8,3,Wednesday,0
20180222,2018-02-22,2018,1,2,February,2018-02,8,4,Thursday,0
20180223,2018-02-23,2018,1,2,February,2018-02,8,5,Friday,0
20180224,2018-02-24,2018,1,2,February,2018-02,8,6,Saturday,1
20180225,2018-02-25,2018,1,2,February,2018-02,8,7,Sunday,1
20180226,2018-02-26,2018,1,2,February,2018-02,9,1,Monday,0
20180227,2018-02-27,2018,1,2,February,2018-02,9,2,Tuesday,0
20180228,2018-02-28,2018,1,2,February,2018-02,9,3,Wednesday,0
20180301,2018-03-01,2018,1,3,March,2018-03,9,4,Thursday,0
20180302,2018-03-02,2018,1,3,March,2018-03,9,5,Friday,0
20180303,2018-03-03,2018,1,3,March,2018-03,9,6,Saturday,1
20180304,2018-03-04,2018,1,3,March,2018-03,9,7,Sunday,1
20180305,2018-03-05,2018,1,3,March,2018-03,10,1,Monday,0
20180306,2018-03-06,2018,1,3,March,2018-03,10,2,Tuesday,0
20180307,2018-03-07,2018,1,3,March,2018-03,10,3,Wednesday,0
20180308,2018-03-08,2018,1,3,March,2018-03,10,4,Thursday,0
20180309,2018-03-09,2018,1,3,March,2018-03,10,5,Friday,0
20180310,2018-03-10,2018,1,3,March,2018-03,10,6,Saturday,1
20180311,2018-03-11,2018,1,3,March,2018-03,10,7,Sunday,1
20180312,2018-03-12,2018,1,3,March,2018-03,11,1,Monday,0
20180313,2018-03-13,2018,1,3,March,2018-03,11,2,Tuesday,0
20180314,2018-03-14,2018,1,3,March,2018-03,11,3,Wednesday,0
20180315,2018-03-15,2018,1,3,March,2018-03,11,4,Thursday,0
20180316,2018-03-16,2018,1,3,March,2018-03,11,5,Friday,0
20180317,2018-03-17,2018,1,3,March,2018-03,11,6,Saturday,1
20180318,2018-03-18,2018,1,3,March,2018-03,11,7,Sunday,1
20180319,2018-03-19,2018,1,3,March,2018-03,12,1,Monday,0
20180320,2018-03-20,2018,1,3,March,2018-03,12,2,Tuesday,0
20180321,2018-03-21,2018,1,3,March,2018-03,12,3,Wednesday,0
20180322,2018-03-22,2018,1,3,March,2018-03,12,4,Thursday,0
20180323,2018-03-23,2018,1,3,March,2018-03,12,5,Friday,0
20180324,2018-03-24,2018,1,3,March,2018-03,12,6,Saturday,1
20180325,2018-03-25,2018,1,3,March,2018-03,12,7,Sunday,1
20180326,2018-03-26,2018,1,3,March,2018-03,13,1,Monday,0
20180327,2018-03-27,2018,1,3,March,2018-03,13,2,Tuesday,0
20180328,2018-03-28,2018,1,3,March,2018-03,13,3,Wednesday,0
20180329,2018-03-29,2018,1,3,March,2018-03,13,4,Thursday,0
20180330,2018-03-30,2018,1,3,March,2018-03,13,5,Friday,0
20180331,2018-03-31,2018,1,3,March,2018-03,13,6,Saturday,1
20180401,2018-04-01,2018,2,4,April,2018-04,13,7,Sunday,1
20180402,2018-04-02,2018,2,4,April,2018-04,14,1,Monday,0
20180403,2018-04-03,2018,2,4,April,2018-04,14,2,Tuesday,0
20180404,2018-04-04,2018,2,4,April,2018-04,14,3,Wednesday,0
20180405,2018-04-05,2018,2,4,April,2018-04,14,4,Thursday,0
20180406,2018-04-06,2018,2,4,April,2018-04,14,5,Friday,0
20180407,2018-04-07,2018,2,4,April,2018-04,14,6,Saturday,1
20180408,2018-04-08,2018,2,4,April,2018-04,14,7,Sunday,1
20180409,2018-04-09,2018,2,4,April,2018-04,15,1,Monday,0
20180410,2018-04-10,2018,2,4,April,2018-04,15,2,Tuesday,0
20180411,2018-04-11,2018,2,4,April,2018-04,15,3,Wednesday,0
20180412,2018-04-12,2018,2,4,April,2018-04,15,4,Thursday,0
20180413,2018-04-13,2018,2,4,April,2018-04,15,5,Friday,0
20180414,2018-04-14,2018,2,4,April,2018-04,15,6,Saturday,1
20180415,2018-04-15,2018,2,4,April,2018-04,15,7,Sunday,1
20180416,2018-04-16,2018,2,4,April,2018-04,16,1,Monday,0
20180417,2018-04-17,2018,2,4,April,2018-04,16,2,Tuesday,0
20180418,2018-04-18,2018,2,4,April,2018-04,16,3,Wednesday,0
20180419,2018-04-19,2018,2,4,April,2018-04,16,4,Thursday,0
20180420,2018-04-20,2018,2,4,April,2018-04,16,5,Friday,0
20180421,2018-04-21,2018,2,4,April,2018-04,16,6,Saturday,1
20180422,2018-04-22,2018,2,4,April,2018-04,16,7,Sunday,1
20180423,2018-04-23,2018,2,4,April,2018-04,17,1,Monday,0
20180424,2018-04-24,2018,2,4,April,2018-04,17,2,Tuesday,0
20180425,2018-04-25,2018,2,4,April,2018-04,17,3,Wednesday,0
20180426,2018-04-26,2018,2,4,April,2018-04,17,4,Thursday,0
20180427,2018-04-27,2018,2,4,April,2018-04,17,5,Friday,0
20180428,2018-04-28,2018,2,4,April,2018-04,17,6,Saturday,1
20180429,2018-04-29,2018,2,4,April,2018-04,17,7,Sunday,1
20180430,2018-04-30,2018,2,4,April,2018-04,18,1,Monday,0
20180501,2018-05-01,2018,2,5,May,2018-05,18,2,Tuesday,0
20180502,2018-05-02,2018,2,5,May,2018-05,18,3,Wednesday,0
20180503,2018-05-03,2018,2,5,May,2018-05,18,4,Thursday,0
20180504,2018-05-04,2018,2,5,May,2018-05,18,5,Friday,0
20180505,2018-05-05,2018,2,5,May,2018-05,18,6,Saturday,1
20180506,2018-05-06,2018,2,5,May,2018-05,18,7,Sunday,1
20180507,2018-05-07,2018,2,5,May,2018-05,19,1,Monday,0
20180508,2018-05-08,2018,2,5,May,2018-05,19,2,Tuesday,0
20180509,2018-05-09,2018,2,5,May,2018-05,19,3,Wednesday,0
20180510,2018-05-10,2018,2,5,May,2018-05,19,4,Thursday,0
20180511,2018-05-11,2018,2,5,May,2018-05,19,5,Friday,0
20180512,2018-05-12,2018,2,5,May,2018-05,19,6,Saturday,1
20180513,2018-05-13,2018,2,5,May,2018-05,19,7,Sunday,1
20180514,2018-05-14,2018,2,5,May,2018-05,20,1,Monday,0
20180515,2018-05-15,2018,2,5,May,2018-05,20,2,Tuesday,0
20180516,2018-05-16,2018,2,5,May,2018-05,20,3,Wednesday,0
20180517,2018-05-17,2018,2,5,May,2018-05,20,4,Thursday,0
20180518,2018-05-18,2018,2,5,May,2018-05,20,5,Friday,0
20180519,2018-05-19,2018,2,5,May,2018-05,20,6,Saturday,1
20180520,2018-05-20,2018,2,5,May,2018-05,20,7,Sunday,1
20180521,2018-05-21,2018,2,5,May,2018-05,21,1,Monday,0
20180522,2018-05-22,2018,2,5,May,2018-05,21,2,Tuesday,0
20180523,2018-05-23,2018,2,5,May,2018-05,21,3,Wednesday,0
20180524,2018-05-24,2018,2,5,May,2018-05,21,4,Thursday,0
20180525,2018-05-25,2018,2,5,May,2018-05,21,5,Friday,0
20180526,2018-05-26,2018,2,5,May,2018-05,21,6,Saturday,1
20180527,2018-05-27,2018,2,5,May,2018-05,21,7,Sunday,1
20180528,2018-05-28,2018,2,5,May,2018-05,22,1,Monday,0
20180529,2018-05-29,2018,2,5,May,2018-05,22,2,Tuesday,0
20180530,2018-05-30,2018,2,5,May,2018-05,22,3,Wednesday,0
20180531,2018-05-31,2018,2,5,May,2018-05,22,4,Thursday,0
20180601,2018-06-01,2018,2,6,June,2018-06,22,5,Friday,0
20180602,2018-06-02,2018,2,6,June,2018-06,22,6,Saturday,1
20180603,2018-06-03,2018,2,6,June,2018-06,22,7,Sunday,1
20180604,2018-06-04,2018,2,6,June,2018-06,23,1,Monday,0
20180605,2018-06-05,2018,2,6,June,2018-06,23,2,Tuesday,0
20180606,2018-06-06,2018,2,6,June,2018-06,23,3,Wednesday,0
20180607,2018-06-07,2018,2,6,June,2018-06,23,4,Thursday,0
20180608,2018-06-08,2018,2,6,June,2018-06,23,5,Friday,0
20180609,2018-06-09,2018,2,6,June,2018-06,23,6,Saturday,1
20180610,2018-06-10,2018,2,6,June,2018-06,23,7,Sunday,1
20180611,2018-06-11,2018,2,6,June,2018-06,24,1,Monday,0
20180612,2018-06-12,2018,2,6,June,2018-06,24,2,Tuesday,0
20180613,2018-06-13,2018,2,6,June,2018-06,24,3,Wednesday,0
20180614,2018-06-14,2018,2,6,June,2018-06,24,4,Thursday,0
20180615,2018-06-15,2018,2,6,June,2018-06,24,5,Friday,0
20180616,2018-06-16,2018,2,6,June,2018-06,24,6,Saturday,1
20180617,2018-06-17,2018,2,6,June,2018-06,24,7,Sunday,1
20180618,2018-06-18,2018,2,6,June,2018-06,25,1,Monday,0
20180619,2018-06-19,2018,2,6,June,2018-06,25,2,Tuesday,0
20180620,2018-06-20,2018,2,6,June,2018-06,25,3,Wednesday,0
20180621,2018-06-21,2018,2,6,June,2018-06,25,4,Thursday,0
20180622,2018-06-22,2018,2,6,June,2018-06,25,5,Friday,0
20180623,2018-06-23,2018,2,6,June,2018-06,25,6,Saturday,1
20180624,2018-06-24,2018,2,6,June,2018-06,25,7,Sunday,1
20180625,2018-06-25,2018,2,6,June,2018-06,26,1,Monday,0
20180626,2018-06-26,2018,2,6,June,2018-06,26,2,Tuesday,0
20180627,2018-06-27,2018,2,6,June,2018-06,26,3,Wednesday,0
20180628,2018-06-28,2018,2,6,June,2018-06,26,4,Thursday,0
20180629,2018-06-29,2018,2,6,June,2018-06,26,5,Friday,0
20180630,2018-06-30,2018,2,6,June,2018-06,26,6,Saturday,1
20180701,2018-07-01,2018,3,7,July,2018-07,26,7,Sunday,1
20180702,2018-07-02,2018,3,7,July,2018-07,27,1,Monday,0
20180703,2018-07-03,2018,3,7,July,2018-07,27,2,Tuesday,0
20180704,2018-07-04,2018,3,7,July,2018-07,27,3,Wednesday,0
20180705,2018-07-05,2018,3,7,July,2018-07,27,4,Thursday,0
20180706,2018-07-06,2018,3,7,July,2018-07,27,5,Friday,0
20180707,2018-07-07,2018,3,7,July,2018-07,27,6,Saturday,1
20180708,2018-07-08,2018,3,7,July,2018-07,27,7,Sunday,1
20180709,2018-07-09,2018,3,7,July,2018-07,28,1,Monday,0
20180710,2018-07-10,2018,3,7,July,2018-07,28,2,Tuesday,0
20180711,2018-07-11,2018,3,7,July,2018-07,28,3,Wednesday,0
20180712,2018-07-12,2018,3,7,July,2018-07,28,4,Thursday,0
20180713,2018-07-13,2018,3,7,July,2018-07,28,5,Friday,0
20180714,2018-07-14,2018,3,7,July,2018-07,28,6,Saturday,1
20180715,2018-07-15,2018,3,7,July,2018-07,28,7,Sunday,1
20180716,2018-07-16,2018,3,7,July,2018-07,29,1,Monday,0
20180717,2018-07-17,2018,3,7,July,2018-07,29,2,Tuesday,0
20180718,2018-07-18,2018,3,7,July,2018-07,29,3,Wednesday,0
20180719,2018-07-19,2018,3,7,July,2018-07,29,4,Thursday,0
20180720,2018-07-20,2018,3,7,July,2018-07,29,5,Friday,0
20180721,2018-07-21,2018,3,7,July,2018-07,29,6,Saturday,1
20180722,2018-07-22,2018,3,7,July,2018-07,29,7,Sunday,1
20180723,2018-07-23,2018,3,7,July,2018-07,30,1,Monday,0
20180724,2018-07-24,2018,3,7,July,2018-07,30,2,Tuesday,0
20180725,2018-07-25,2018,3,7,July,2018-07,30,3,Wednesday,0
20180726,2018-07-26,2018,3,7,July,2018-07,30,4,Thursday,0
20180727,2018-07-27,2018,3,7,July,2018-07,30,5,Friday,0
20180728,2018-07-28,2018,3,7,July,2018-07,30,6,Saturday,1
20180729,2018-07-29,2018,3,7,July,2018-07,30,7,Sunday,1
20180730,2018-07-30,2018,3,7,July,2018-07,31,1,Monday,0
20180731,2018-07-31,2018,3,7,July,2018-07,31,2,Tuesday,0
20180801,2018-08-01,2018,3,8,August,2018-08,31,3,Wednesday,0
20180802,2018-08-02,2018,3,8,August,2018-08,31,4,Thursday,0
20180803,2018-08-03,2018,3,8,August,2018-08,31,5,Friday,0
20180804,2018-08-04,2018,3,8,August,2018-08,31,6,Saturday,1
20180805,2018-08-05,2018,3,8,August,2018-08,31,7,Sunday,1
20180806,2018-08-06,2018,3,8,August,2018-08,32,1,Monday,0
20180807,2018-08-07,2018,3,8,August,2018-08,32,2,Tuesday,0
20180808,2018-08-08,2018,3,8,August,2018-08,32,3,Wednesday,0
20180809,2018-08-09,2018,3,8,August,2018-08,32,4,Thursday,0
20180810,2018-08-10,2018,3,8,August,2018-08,32,5,Friday,0
20180811,2018-08-11,2018,3,8,August,2018-08,32,6,Saturday,1
20180812,2018-08-12,2018,3,8,August,2018-08,32,7,Sunday,1
20180813,2018-08-13,2018,3,8,August,2018-08,33,1,Monday,0
20180814,2018-08-14,2018,3,8,August,2018-08,33,2,Tuesday,0
20180815,2018-08-15,2018,3,8,August,2018-08,33,3,Wednesday,0
20180816,2018-08-16,2018,3,8,August,2018-08,33,4,Thursday,0
20180817,2018-08-17,2018,3,8,August,2018-08,33,5,Friday,0
20180818,2018-08-18,2018,3,8,August,2018-08,33,6,Saturday,1
20180819,2018-08-19,2018,3,8,August,2018-08,33,7,Sunday,1
20180820,2018-08-20,2018,3,8,August,2018-08,34,1,Monday,0
20180821,2018-08-21,2018,3,8,August,2018-08,34,2,Tuesday,0
20180822,2018-08-22,2018,3,8,August,2018-08,34,3,Wednesday,0
20180823,2018-08-23,2018,3,8,August,2018-08,34,4,Thursday,0
20180824,2018-08-24,2018,3,8,August,2018-08,34,5,Friday,0
20180825,2018-08-25,2018,3,8,August,2018-08,34,6,Saturday,1
20180826,2018-08-26,2018,3,8,August,2018-08,34,7,Sunday,1
20180827,2018-08-27,2018,3,8,August,2018-08,35,1,Monday,0
20180828,2018-08-28,2018,3,8,August,2018-08,35,2,Tuesday,0
20180829,2018-08-29,2018,3,8,August,2018-08,35,3,Wednesday,0
20180830,2018-08-30,2018,3,8,August,2018-08,35,4,Thursday,0
20180831,2018-08-31,2018,3,8,August,2018-08,35,5,Friday,0
20180901,2018-09-01,2018,3,9,September,2018-09,35,6,Saturday,1
20180902,2018-09-02,2018,3,9,September,2018-09,35,7,Sunday,1
20180903,2018-09-03,2018,3,9,September,2018-09,36,1,Monday,0
20180904,2018-09-04,2018,3,9,September,2018-09,36,2,Tuesday,0
20180905,2018-09-05,2018,3,9,September,2018-09,36,3,Wednesday,0
20180906,2018-09-06,2018,3,9,September,2018-09,36,4,Thursday,0
20180907,2018-09-07,2018,3,9,September,2018-09,36,5,Friday,0
20180908,2018-09-08,2018,3,9,September,2018-09,36,6,Saturday,1
20180909,2018-09-09,2018,3,9,September,2018-09,36,7,Sunday,1
20180910,2018-09-10,2018,3,9,September,2018-09,37,1,Monday,0
20180911,2018-09-11,2018,3,9,September,2018-09,37,2,Tuesday,0
20180912,2018-09-12,2018,3,9,September,2018-09,37,3,Wednesday,0
20180913,2018-09-13,2018,3,9,September,2018-09,37,4,Thursday,0
20180914,2018-09-14,2018,3,9,September,2018-09,37,5,Friday,0
20180915,2018-09-15,2018,3,9,September,2018-09,37,6,Saturday,1
20180916,2018-09-16,2018,3,9,September,2018-09,37,7,Sunday,1
20180917,2018-09-17,2018,3,9,September,2018-09,38,1,Monday,0
20180918,2018-09-18,2018,3,9,September,2018-09,38,2,Tuesday,0
20180919,2018-09-19,2018,3,9,September,2018-09,38,3,Wednesday,0
20180920,2018-09-20,2018,3,9,September,2018-09,38,4,Thursday,0
20180921,2018-09-21,2018,3,9,September,2018-09,38,5,Friday,0
20180922,2018-09-22,2018,3,9,September,2018-09,38,6,Saturday,1
20180923,2018-09-23,2018,3,9,September,2018-09,38,7,Sunday,1
20180924,2018-09-24,2018,3,9,September,2018-09,39,1,Monday,0
20180925,2018-09-25,2018,3,9,September,2018-09,39,2,Tuesday,0
20180926,2018-09-26,2018,3,9,September,2018-09,39,3,Wednesday,0
20180927,2018-09-27,2018,3,9,September,2018-09,39,4,Thursday,0
20180928,2018-09-28,2018,3,9,September,2018-09,39,5,Friday,0
20180929,2018-09-29,2018,3,9,September,2018-09,39,6,Saturday,1
20180930,2018-09-30,2018,3,9,September,2018-09,39,7,Sunday,1
20181001,2018-10-01,2018,4,10,October,2018-10,40,1,Monday,0
20181002,2018-10-02,2018,4,10,October,2018-10,40,2,Tuesday,0
20181003,2018-10-03,2018,4,10,October,2018-10,40,3,Wednesday,0
20181004,2018-10-04,2018,4,10,October,2018-10,40,4,Thursday,0
20181005,2018-10-05,2018,4,10,October,2018-10,40,5,Friday,0
20181006,2018-10-06,2018,4,10,October,2018-10,40,6,Saturday,1
20181007,2018-10-07,2018,4,10,October,2018-10,40,7,Sunday,1
20181008,2018-10-08,2018,4,10,October,2018-10,41,1,Monday,0
20181009,2018-10-09,2018,4,10,October,2018-10,41,2,Tuesday,0
20181010,2018-10-10,2018,4,10,October,2018-10,41,3,Wednesday,0
20181011,2018-10-11,2018,4,10,October,2018-10,41,4,Thursday,0
20181012,2018-10-12,2018,4,10,October,2018-10,41,5,Friday,0
20181013,2018-10-13,2018,4,10,October,2018-10,41,6,Saturday,1
20181014,2018-10-14,2018,4,10,October,2018-10,41,7,Sunday,1
20181015,2018-10-15,2018,4,10,October,2018-10,42,1,Monday,0
20181016,2018-10-16,2018,4,10,October,2018-10,42,2,Tuesday,0
20181017,2018-10-17,2018,4,10,October,2018-10,42,3,Wednesday,0
20181018,2018-10-18,2018,4,10,October,2018-10,42,4,Thursday,0
20181019,2018-10-19,2018,4,10,October,2018-10,42,5,Friday,0
20181020,2018-10-20,2018,4,10,October,2018-10,42,6,Saturday,1
20181021,2018-10-21,2018,4,10,October,2018-10,42,7,Sunday,1
20181022,2018-10-22,2018,4,10,October,2018-10,43,1,Monday,0
20181023,2018-10-23,2018,4,10,October,2018-10,43,2,Tuesday,0
20181024,2018-10-24,2018,4,10,October,2018-10,43,3,Wednesday,0
20181025,2018-10-25,2018,4,10,October,2018-10,43,4,Thursday,0
20181026,2018-10-26,2018,4,10,October,2018-10,43,5,Friday,0
20181027,2018-10-27,2018,4,10,October,2018-10,43,6,Saturday,1
20181028,2018-10-28,2018,4,10,October,2018-10,43,7,Sunday,1
20181029,2018-10-29,2018,4,10,October,2018-10,44,1,Monday,0
20181030,2018-10-30,2018,4,10,October,2018-10,44,2,Tuesday,0
20181031,2018-10-31,2018,4,10,October,2018-10,44,3,Wednesday,0
20181101,2018-11-01,2018,4,11,November,2018-11,44,4,Thursday,0
20181102,2018-11-02,2018,4,11,November,2018-11,44,5,Friday,0
20181103,2018-11-03,2018,4,11,November,2018-11,44,6,Saturday,1
20181104,2018-11-04,2018,4,11,November,2018-11,44,7,Sunday,1
20181105,2018-11-05,2018,4,11,November,2018-11,45,1,Monday,0
20181106,2018-11-06,2018,4,11,November,2018-11,45,2,Tuesday,0
20181107,2018-11-07,2018,4,11,November,2018-11,45,3,Wednesday,0
20181108,2018-11-08,2018,4,11,November,2018-11,45,4,Thursday,0
20181109,2018-11-09,2018,4,11,November,2018-11,45,5,Friday,0
20181110,2018-11-10,2018,4,11,November,2018-11,45,6,Saturday,1
20181111,2018-11-11,2018,4,11,November,2018-11,45,7,Sunday,1
20181112,2018-11-12,2018,4,11,November,2018-11,46,1,Monday,0
